NGUYEN VAN A,2003/09/19,050-6873-8789,ベトナム,ベトナム,非免除国,ない(No),Autofill,自動車(Vehicle),Anh1.png,Anh3.png,hotrocuocsong.nhatban@gmail.com
NGUYEN VAN A,2003/09/20,050-6873-8790,ベトナム,ベトナム,非免除国,ない(No),Autofill,自動車(Vehicle),Anh2.png,Anh4.png,hotrocuocsong.nhatban@gmail.com
NGUYEN VAN A,2003/09/21,050-6873-8791,ベトナム,ベトナム,非免除国,ない(No),Autofill,自動車(Vehicle),Anh2.png,Anh4.png,hotrocuocsong.nhatban@gmail.com
NGUYEN VAN A,2003/09/22,050-6873-8792,ベトナム,ベトナム,非免除国,ない(No),Autofill,自動車(Vehicle),Anh2.png,Anh4.png,hotrocuocsong.nhatban@gmail.com
NGUYEN VAN A,2003/09/23,050-6873-8793,ベトナム,ベトナム,非免除国,ない(No),Autofill,自動車(Vehicle),Anh2.png,Anh4.png,hotrocuocsong.nhatban@gmail.com
NGUYEN VAN A,2003/09/24,050-6873-8794,ベトナム,ベトナム,非免除国,ない(No),Autofill,自動車(Vehicle),Anh2.png,Anh4.png,hotrocuocsong.nhatban@gmail.com
NGUYEN VAN A,2003/09/25,050-6873-8795,ベトナム,ベトナム,非免除国,ない(No),Autofill,自動車(Vehicle),Anh2.png,Anh4.png,hotrocuocsong.nhatban@gmail.com
NGUYEN VAN A,2003/09/26,050-6873-8796,ベトナム,ベトナム,非免除国,ない(No),Autofill,自動車(Vehicle),Anh2.png,Anh4.png,hotrocuocsong.nhatban@gmail.com
NGUYEN VAN A,2003/09/27,050-6873-8797,ベトナム,ベトナム,非免除国,ない(No),Autofill,自動車(Vehicle),Anh2.png,Anh4.png,hotrocuocsong.nhatban@gmail.com
NGUYEN VAN A,2003/09/28,050-6873-8798,ベトナム,ベトナム,非免除国,ない(No),Autofill,自動車(Vehicle),Anh2.png,Anh4.png,hotrocuocsong.nhatban@gmail.com
NGUYEN VAN A,2003/09/29,050-6873-8799,ベトナム,ベトナム,非免除国,ない(No),Autofill,自動車(Vehicle),Anh2.png,Anh4.png,hotrocuocsong.nhatban@gmail.com
NGUYEN VAN A,2003/09/30,050-6873-8800,ベトナム,ベトナム,非免除国,ない(No),Autofill,自動車(Vehicle),Anh2.png,Anh4.png,hotrocuocsong.nhatban@gmail.com
NGUYEN VAN A,2003/09/31,050-6873-8801,ベトナム,ベトナム,非免除国,ない(No),Autofill,自動車(Vehicle),Anh2.png,Anh4.png,hotrocuocsong.nhatban@gmail.com